Datetime,Open,High,Low,Close,Adj Close,Volume,Symbol
2024-01-12 23:00:00,42484.0703125,42927.0234375,42484.0703125,42842.4765625,42842.4765625,0,BTC-USD
2024-01-13 00:00:00,42799.4453125,42958.73046875,42773.23828125,42798.5078125,42798.5078125,160980992,BTC-USD
2024-01-13 01:00:00,42804.03515625,42866.3515625,42532.07421875,42666.97265625,42666.97265625,438493184,BTC-USD
2024-01-13 02:00:00,42660.64453125,42839.2421875,42549.28125,42568.66796875,42568.66796875,401788928,BTC-USD
2024-01-13 03:00:00,42535.03515625,42656.0,42464.14453125,42603.203125,42603.203125,166424576,BTC-USD
2024-01-13 04:00:00,42604.015625,42835.73046875,42568.70703125,42827.8828125,42827.8828125,11505664,BTC-USD
2024-01-13 05:00:00,42830.390625,43117.9296875,42778.70703125,43051.15234375,43051.15234375,239624192,BTC-USD
2024-01-13 06:00:00,43077.6796875,43155.015625,42981.81640625,43134.3125,43134.3125,191561728,BTC-USD
2024-01-13 07:00:00,43137.1953125,43234.078125,43071.65625,43112.1328125,43112.1328125,0,BTC-USD
2024-01-13 08:00:00,43100.41796875,43234.66015625,43083.1328125,43200.77734375,43200.77734375,0,BTC-USD
2024-01-13 09:00:00,43183.99609375,43189.40234375,42889.94140625,42916.734375,42916.734375,0,BTC-USD
2024-01-13 10:00:00,42917.8359375,42917.8359375,42650.390625,42745.37109375,42745.37109375,33169408,BTC-USD
2024-01-13 11:00:00,42723.0703125,42784.5546875,42543.91796875,42578.95703125,42578.95703125,0,BTC-USD
2024-01-13 12:00:00,42605.5390625,42709.71484375,42517.94140625,42700.78125,42700.78125,0,BTC-USD
2024-01-13 13:00:00,42681.421875,42778.05078125,42616.75,42715.6484375,42715.6484375,0,BTC-USD
2024-01-13 14:00:00,42722.43359375,42928.3203125,42652.0234375,42838.0859375,42838.0859375,0,BTC-USD
2024-01-13 15:00:00,42851.62890625,43206.546875,42851.62890625,43182.5546875,43182.5546875,0,BTC-USD
2024-01-13 16:00:00,43161.7421875,43161.7421875,42835.68359375,42873.28125,42873.28125,0,BTC-USD
2024-01-13 17:00:00,42883.7109375,42974.1328125,42799.34375,42881.1171875,42881.1171875,0,BTC-USD
2024-01-13 18:00:00,42888.921875,42888.921875,42752.671875,42797.98828125,42797.98828125,0,BTC-USD
2024-01-13 19:00:00,42797.0,42974.4375,42797.0,42810.12109375,42810.12109375,0,BTC-USD
2024-01-13 20:00:00,42787.94921875,42901.56640625,42718.98828125,42850.609375,42850.609375,0,BTC-USD
2024-01-13 21:00:00,42859.4453125,42972.625,42833.17578125,42972.625,42972.625,0,BTC-USD
2024-01-13 22:00:00,42962.34765625,43014.17578125,42894.14453125,42984.54296875,42984.54296875,0,BTC-USD
2024-01-13 23:00:00,42983.828125,42983.828125,42809.6875,42835.70703125,42835.70703125,0,BTC-USD
2024-01-14 00:00:00,42842.26171875,42874.4296875,42687.76171875,42708.33984375,42708.33984375,0,BTC-USD
2024-01-14 01:00:00,42702.24609375,42831.83203125,42702.24609375,42786.78125,42786.78125,0,BTC-USD
2024-01-14 02:00:00,42783.0390625,42807.9296875,42665.40625,42780.23046875,42780.23046875,0,BTC-USD
2024-01-14 03:00:00,42773.234375,42778.7578125,42654.546875,42667.25,42667.25,0,BTC-USD
2024-01-14 04:00:00,42670.75390625,42683.9375,42561.640625,42574.5546875,42574.5546875,0,BTC-USD
2024-01-14 05:00:00,42570.73046875,42790.41796875,42570.73046875,42750.03125,42750.03125,0,BTC-USD
2024-01-14 06:00:00,42744.71484375,42964.58984375,42744.71484375,42964.58984375,42964.58984375,0,BTC-USD
2024-01-14 07:00:00,42986.4296875,43048.32421875,42900.95703125,42992.76953125,42992.76953125,0,BTC-USD
2024-01-14 08:00:00,43001.578125,43016.60546875,42905.34375,42987.8671875,42987.8671875,0,BTC-USD
2024-01-14 09:00:00,42989.8671875,43065.59765625,42853.84765625,43065.59765625,43065.59765625,0,BTC-USD
2024-01-14 10:00:00,43049.53125,43049.53125,42885.71484375,42885.71484375,42885.71484375,0,BTC-USD
2024-01-14 11:00:00,42887.5,42928.42578125,42790.51171875,42812.25,42812.25,0,BTC-USD
2024-01-14 12:00:00,42816.33203125,42834.38671875,42734.93359375,42747.8515625,42747.8515625,0,BTC-USD
2024-01-14 13:00:00,42747.890625,42910.23828125,42747.890625,42888.7734375,42888.7734375,0,BTC-USD
2024-01-14 14:00:00,42890.34375,42991.58203125,42799.578125,42817.125,42817.125,0,BTC-USD
2024-01-14 15:00:00,42818.25390625,42936.81640625,42813.59765625,42914.34765625,42914.34765625,0,BTC-USD
2024-01-14 16:00:00,42916.24609375,42965.28515625,42858.53515625,42926.91796875,42926.91796875,0,BTC-USD
2024-01-14 17:00:00,42920.17578125,42990.33203125,42874.1328125,42956.77734375,42956.77734375,0,BTC-USD
2024-01-14 18:00:00,42958.86328125,42996.0390625,42843.34375,42907.8359375,42907.8359375,0,BTC-USD
2024-01-14 19:00:00,42899.8359375,42913.77734375,42625.859375,42625.859375,42625.859375,143093760,BTC-USD
2024-01-14 20:00:00,42638.08984375,42713.58203125,42411.3046875,42522.546875,42522.546875,912714752,BTC-USD
2024-01-14 21:00:00,42504.87109375,42570.80078125,42055.18359375,42465.4921875,42465.4921875,1164088320,BTC-USD
2024-01-14 22:00:00,42520.69921875,42612.9921875,42083.59375,42254.05859375,42254.05859375,590214144,BTC-USD
2024-01-14 23:00:00,42252.7421875,42271.69921875,41724.61328125,41812.25390625,41812.25390625,1479812096,BTC-USD
2024-01-15 00:00:00,41715.06640625,42321.51953125,41705.41796875,42235.7578125,42235.7578125,919687168,BTC-USD
2024-01-15 01:00:00,42253.20703125,42369.48828125,42175.9609375,42258.46484375,42258.46484375,368087040,BTC-USD
2024-01-15 02:00:00,42259.7890625,42365.1796875,42195.76953125,42362.98046875,42362.98046875,164945920,BTC-USD
2024-01-15 03:00:00,42381.7578125,42616.390625,42381.7578125,42539.94140625,42539.94140625,257830912,BTC-USD
2024-01-15 04:00:00,42552.171875,42608.6328125,42514.125,42589.41796875,42589.41796875,118499328,BTC-USD
2024-01-15 05:00:00,42586.7109375,42782.19140625,42575.8515625,42732.328125,42732.328125,360161280,BTC-USD
2024-01-15 06:00:00,42734.67578125,42770.53515625,42615.75390625,42641.8828125,42641.8828125,133447680,BTC-USD
2024-01-15 07:00:00,42637.71484375,42732.9921875,42535.1328125,42701.32421875,42701.32421875,28760064,BTC-USD
2024-01-15 08:00:00,42702.640625,42748.234375,42643.1796875,42651.671875,42651.671875,242765824,BTC-USD
2024-01-15 09:00:00,42649.09375,42721.0703125,42572.84375,42711.4140625,42711.4140625,161767424,BTC-USD
2024-01-15 10:00:00,42724.92578125,42724.92578125,42545.5703125,42545.5703125,42545.5703125,141957120,BTC-USD
2024-01-15 11:00:00,42547.8359375,42682.53125,42533.07421875,42678.52734375,42678.52734375,183814144,BTC-USD
2024-01-15 12:00:00,42680.6640625,42687.38671875,42594.7265625,42647.2578125,42647.2578125,206602240,BTC-USD
2024-01-15 13:00:00,42649.55859375,42907.01953125,42610.8046875,42845.2109375,42845.2109375,476538880,BTC-USD
2024-01-15 14:00:00,42838.16796875,42844.80078125,42176.66796875,42243.23046875,42243.23046875,1052092416,BTC-USD
2024-01-15 15:00:00,42191.22265625,42445.16796875,42186.53125,42257.58203125,42257.58203125,573227008,BTC-USD
2024-01-15 16:00:00,42254.97265625,42527.08203125,42254.97265625,42527.08203125,42527.08203125,149092352,BTC-USD
2024-01-15 17:00:00,42502.46484375,42749.48828125,42502.46484375,42707.94921875,42707.94921875,266199040,BTC-USD
2024-01-15 18:00:00,42696.765625,43319.72265625,42696.765625,42981.28515625,42981.28515625,2076037120,BTC-USD
2024-01-15 19:00:00,42982.234375,43091.47265625,42822.2265625,42958.9453125,42958.9453125,293910528,BTC-USD
2024-01-15 20:00:00,42953.734375,43077.4921875,42834.359375,42846.875,42846.875,0,BTC-USD
2024-01-15 21:00:00,42909.05859375,42909.05859375,42727.7734375,42727.7734375,42727.7734375,0,BTC-USD
2024-01-15 22:00:00,42705.59375,42750.84765625,42386.90625,42592.1953125,42592.1953125,0,BTC-USD
2024-01-15 23:00:00,42582.16015625,42606.24609375,42477.19140625,42533.6796875,42533.6796875,0,BTC-USD
2024-01-16 00:00:00,42499.3359375,42645.74609375,42466.2578125,42590.82421875,42590.82421875,0,BTC-USD
2024-01-16 01:00:00,42572.29296875,42683.40625,42535.453125,42535.453125,42535.453125,0,BTC-USD
2024-01-16 02:00:00,42549.140625,42697.43359375,42532.9140625,42685.44921875,42685.44921875,0,BTC-USD
2024-01-16 03:00:00,42681.078125,42893.484375,42679.0546875,42893.484375,42893.484375,0,BTC-USD
2024-01-16 04:00:00,42887.0625,42903.5859375,42732.96484375,42753.3671875,42753.3671875,0,BTC-USD
2024-01-16 05:00:00,42757.12890625,42880.18359375,42745.875,42751.12890625,42751.12890625,0,BTC-USD
2024-01-16 06:00:00,42758.34765625,42758.34765625,42631.23828125,42700.79296875,42700.79296875,0,BTC-USD
2024-01-16 07:00:00,42700.7734375,42741.421875,42588.81640625,42717.609375,42717.609375,0,BTC-USD
2024-01-16 08:00:00,42742.01953125,42969.2421875,42691.921875,42969.2421875,42969.2421875,117168128,BTC-USD
2024-01-16 09:00:00,42971.20703125,43094.55078125,42878.48828125,42912.890625,42912.890625,298409984,BTC-USD
2024-01-16 10:00:00,42900.25390625,42900.25390625,42815.12890625,42850.2265625,42850.2265625,0,BTC-USD
2024-01-16 11:00:00,42837.47265625,42893.7421875,42739.3125,42845.51171875,42845.51171875,0,BTC-USD
2024-01-16 12:00:00,42858.9140625,43103.02734375,42833.1484375,43103.02734375,43103.02734375,0,BTC-USD
2024-01-16 13:00:00,43120.6171875,43120.6171875,42761.83203125,42778.61328125,42778.61328125,36595712,BTC-USD
2024-01-16 14:00:00,42784.0859375,42900.52734375,42085.99609375,42640.81640625,42640.81640625,1301579776,BTC-USD
2024-01-16 15:00:00,42662.34375,43294.61328125,42549.875,43258.41796875,43258.41796875,1522294784,BTC-USD
2024-01-16 16:00:00,43237.26953125,43380.16796875,43027.94921875,43221.24609375,43221.24609375,946571264,BTC-USD
2024-01-16 17:00:00,43244.16796875,43244.16796875,43039.1484375,43059.7421875,43059.7421875,119789568,BTC-USD
2024-01-16 18:00:00,43050.21484375,43140.6171875,42857.625,43017.296875,43017.296875,0,BTC-USD
2024-01-16 19:00:00,43022.84765625,43166.3125,42969.51171875,43166.3125,43166.3125,0,BTC-USD
2024-01-16 20:00:00,43157.125,43352.96484375,43081.828125,43136.25390625,43136.25390625,609570816,BTC-USD
2024-01-16 21:00:00,43202.45703125,43566.2734375,43202.45703125,43421.91796875,43421.91796875,828246016,BTC-USD
2024-01-16 22:00:00,43438.79296875,43482.64453125,43224.27734375,43224.27734375,43224.27734375,0,BTC-USD
2024-01-16 23:00:00,43211.859375,43281.62109375,43125.93359375,43138.171875,43138.171875,0,BTC-USD
2024-01-17 00:00:00,43132.1015625,43171.1171875,43067.734375,43097.453125,43097.453125,0,BTC-USD
2024-01-17 01:00:00,43095.82421875,43189.890625,42972.375,42983.2578125,42983.2578125,60153856,BTC-USD
2024-01-17 02:00:00,42983.96484375,43050.046875,42939.2578125,42995.34765625,42995.34765625,96796672,BTC-USD
2024-01-17 03:00:00,42996.09765625,43013.74609375,42848.70703125,42848.70703125,42848.70703125,0,BTC-USD
2024-01-17 04:00:00,42850.9296875,42895.58203125,42793.8359375,42848.109375,42848.109375,0,BTC-USD
2024-01-17 05:00:00,42843.41015625,42890.484375,42776.48828125,42776.48828125,42776.48828125,0,BTC-USD
2024-01-17 06:00:00,42766.65234375,42843.5078125,42766.65234375,42795.7578125,42795.7578125,0,BTC-USD
2024-01-17 07:00:00,42792.27734375,42834.5546875,42620.265625,42657.12890625,42657.12890625,250095616,BTC-USD
2024-01-17 08:00:00,42642.421875,42726.30078125,42553.41796875,42703.57421875,42703.57421875,30470144,BTC-USD
2024-01-17 09:00:00,42703.94140625,42802.5078125,42668.4296875,42668.4296875,42668.4296875,0,BTC-USD
2024-01-17 10:00:00,42661.3203125,42817.8046875,42614.37890625,42805.31640625,42805.31640625,190451712,BTC-USD
2024-01-17 11:00:00,42818.26953125,42825.80078125,42655.79296875,42655.79296875,42655.79296875,142221312,BTC-USD
2024-01-17 12:00:00,42657.89453125,42739.29296875,42498.40234375,42739.29296875,42739.29296875,563935232,BTC-USD
2024-01-17 13:00:00,42754.78515625,42754.78515625,42534.48046875,42596.01171875,42596.01171875,0,BTC-USD
2024-01-17 14:00:00,42587.09375,42880.05078125,42412.78125,42649.48828125,42649.48828125,0,BTC-USD
2024-01-17 15:00:00,42554.671875,42717.875,42513.34765625,42520.1484375,42520.1484375,0,BTC-USD
2024-01-17 16:00:00,42460.83984375,42506.55859375,42264.05859375,42317.69140625,42317.69140625,0,BTC-USD
2024-01-17 17:00:00,42320.59375,42415.015625,42189.30859375,42373.49609375,42373.49609375,0,BTC-USD
2024-01-17 18:00:00,42341.375,42551.3671875,42274.8359375,42549.859375,42549.859375,0,BTC-USD
2024-01-17 19:00:00,42567.8203125,42703.4765625,42541.30859375,42597.171875,42597.171875,0,BTC-USD
2024-01-17 20:00:00,42587.1875,42817.95703125,42569.60546875,42604.15234375,42604.15234375,109846528,BTC-USD
2024-01-17 21:00:00,42696.0078125,42756.63671875,42596.55078125,42655.26171875,42655.26171875,0,BTC-USD
2024-01-17 22:00:00,42640.4296875,42691.984375,42459.29296875,42659.30859375,42659.30859375,0,BTC-USD
2024-01-17 23:00:00,42680.11328125,42738.96484375,42606.80859375,42738.96484375,42738.96484375,0,BTC-USD
2024-01-18 00:00:00,42742.3125,42745.890625,42617.8046875,42646.0390625,42646.0390625,0,BTC-USD
2024-01-18 01:00:00,42633.12890625,42674.28515625,42496.08984375,42553.875,42553.875,0,BTC-USD
2024-01-18 02:00:00,42553.140625,42681.94140625,42553.140625,42623.60546875,42623.60546875,0,BTC-USD
2024-01-18 03:00:00,42622.33203125,42632.5859375,42528.5234375,42544.04296875,42544.04296875,0,BTC-USD
2024-01-18 04:00:00,42546.1796875,42645.5703125,42546.1796875,42621.74609375,42621.74609375,0,BTC-USD
2024-01-18 05:00:00,42628.39453125,42730.328125,42603.13671875,42727.6640625,42727.6640625,65224704,BTC-USD
2024-01-18 06:00:00,42727.375,42824.55078125,42723.546875,42751.8515625,42751.8515625,40673280,BTC-USD
2024-01-18 07:00:00,42758.55859375,42875.8984375,42758.55859375,42851.06640625,42851.06640625,0,BTC-USD
2024-01-18 08:00:00,42861.48828125,42876.34765625,42697.46484375,42709.4453125,42709.4453125,0,BTC-USD
2024-01-18 09:00:00,42710.734375,42811.34765625,42687.88671875,42695.47265625,42695.47265625,38225920,BTC-USD
2024-01-18 10:00:00,42702.03125,42722.01171875,42381.171875,42395.25390625,42395.25390625,84144128,BTC-USD
2024-01-18 11:00:00,42405.6640625,42489.90625,42358.01171875,42489.90625,42489.90625,197558272,BTC-USD
2024-01-18 12:00:00,42504.69921875,42504.69921875,42351.8515625,42379.62109375,42379.62109375,0,BTC-USD
2024-01-18 13:00:00,42389.40234375,42601.2421875,42340.296875,42524.421875,42524.421875,76670976,BTC-USD
2024-01-18 14:00:00,42477.75390625,42687.46875,42406.50390625,42687.46875,42687.46875,0,BTC-USD
2024-01-18 15:00:00,42703.2578125,42765.02734375,42602.703125,42602.703125,42602.703125,0,BTC-USD
2024-01-18 16:00:00,42589.18359375,42589.18359375,41713.6796875,41842.890625,41842.890625,816508928,BTC-USD
2024-01-18 17:00:00,41872.63671875,42092.57421875,41572.3046875,41770.34375,41770.34375,1169070080,BTC-USD
2024-01-18 18:00:00,41766.0,41816.34375,41392.1640625,41475.31640625,41475.31640625,885970944,BTC-USD
2024-01-18 19:00:00,41463.69921875,41504.53125,40851.359375,40950.9140625,40950.9140625,1222584320,BTC-USD
2024-01-18 20:00:00,40982.12890625,41236.44140625,40631.171875,40915.7265625,40915.7265625,1268510720,BTC-USD
2024-01-18 21:00:00,40780.03125,41197.16015625,40725.55078125,41100.6015625,41100.6015625,883261440,BTC-USD
2024-01-18 22:00:00,41072.578125,41327.51171875,41072.578125,41312.10546875,41312.10546875,353918976,BTC-USD
2024-01-18 23:00:00,41316.828125,41319.078125,41180.0234375,41259.45703125,41259.45703125,27207680,BTC-USD
2024-01-19 00:00:00,41278.4609375,41325.25,41097.7109375,41288.3984375,41288.3984375,205127680,BTC-USD
2024-01-19 01:00:00,41262.0,41288.6796875,41120.453125,41250.52734375,41250.52734375,177643520,BTC-USD
2024-01-19 02:00:00,41240.03125,41245.93359375,41049.39453125,41094.66796875,41094.66796875,169904128,BTC-USD
2024-01-19 03:00:00,41087.3984375,41093.44921875,40749.3828125,41015.80859375,41015.80859375,753192960,BTC-USD
2024-01-19 04:00:00,41011.7734375,41159.83203125,41008.92578125,41057.1328125,41057.1328125,213159936,BTC-USD
2024-01-19 05:00:00,41053.29296875,41185.80859375,41029.53125,41155.26953125,41155.26953125,0,BTC-USD
2024-01-19 06:00:00,41160.02734375,41464.11328125,41157.81640625,41464.11328125,41464.11328125,207841280,BTC-USD
2024-01-19 07:00:00,41456.13671875,41509.2421875,41231.13671875,41231.6171875,41231.6171875,255438848,BTC-USD
2024-01-19 08:00:00,41239.76171875,41322.421875,41118.4765625,41265.57421875,41265.57421875,120211456,BTC-USD
2024-01-19 09:00:00,41252.1328125,41401.34765625,41213.140625,41359.29296875,41359.29296875,83916800,BTC-USD
2024-01-19 10:00:00,41351.6015625,41418.8359375,41301.83984375,41416.30859375,41416.30859375,0,BTC-USD
2024-01-19 11:00:00,41429.48046875,41462.7265625,41357.8515625,41437.66015625,41437.66015625,0,BTC-USD
2024-01-19 12:00:00,41434.84375,41438.8515625,41233.63671875,41294.1484375,41294.1484375,0,BTC-USD
2024-01-19 13:00:00,41291.34375,41381.20703125,41246.32421875,41327.19921875,41327.19921875,0,BTC-USD
2024-01-19 14:00:00,41345.09375,41387.9609375,40835.09765625,40903.83984375,40903.83984375,640155648,BTC-USD
2024-01-19 15:00:00,40911.48828125,41077.40234375,40719.53125,40880.46875,40880.46875,760424448,BTC-USD
2024-01-19 16:00:00,40859.30078125,40890.546875,40309.8984375,40356.30078125,40356.30078125,0,BTC-USD
2024-01-19 17:00:00,40360.8203125,41146.75390625,40297.45703125,41146.75390625,41146.75390625,317128704,BTC-USD
2024-01-19 18:00:00,41179.2578125,41844.80078125,41008.484375,41740.640625,41740.640625,282642432,BTC-USD
2024-01-19 19:00:00,41762.015625,41845.5625,41544.97265625,41762.578125,41762.578125,0,BTC-USD
2024-01-19 20:00:00,41768.64453125,42134.16015625,41649.59375,41649.59375,41649.59375,0,BTC-USD
2024-01-19 21:00:00,41554.42578125,41725.55078125,41543.51953125,41607.90234375,41607.90234375,0,BTC-USD
2024-01-19 22:00:00,41611.55859375,41696.2109375,41514.0859375,41663.77734375,41663.77734375,0,BTC-USD
2024-01-19 23:00:00,41655.8515625,41667.484375,41581.90234375,41615.03125,41615.03125,0,BTC-USD
2024-01-20 00:00:00,41624.58984375,41640.23046875,41446.82421875,41480.1171875,41480.1171875,0,BTC-USD
2024-01-20 01:00:00,41469.0703125,41646.87109375,41469.0703125,41604.7890625,41604.7890625,0,BTC-USD
2024-01-20 02:00:00,41622.125,41622.125,41522.09765625,41575.36328125,41575.36328125,0,BTC-USD
2024-01-20 03:00:00,41589.2421875,41624.578125,41512.34375,41624.578125,41624.578125,0,BTC-USD
2024-01-20 04:00:00,41611.37890625,41630.390625,41562.29296875,41585.97265625,41585.97265625,0,BTC-USD
2024-01-20 05:00:00,41578.4375,41617.05078125,41549.92578125,41593.0390625,41593.0390625,0,BTC-USD
2024-01-20 06:00:00,41599.71484375,41664.46875,41595.90234375,41644.15625,41644.15625,0,BTC-USD
2024-01-20 07:00:00,41648.83203125,41740.5078125,41634.421875,41634.421875,41634.421875,0,BTC-USD
2024-01-20 08:00:00,41628.4765625,41638.9609375,41513.921875,41571.95703125,41571.95703125,0,BTC-USD
2024-01-20 09:00:00,41566.4453125,41606.125,41456.90234375,41483.3828125,41483.3828125,0,BTC-USD
2024-01-20 10:00:00,41488.00390625,41578.8515625,41473.9375,41511.8125,41511.8125,0,BTC-USD
2024-01-20 11:00:00,41512.28515625,41583.4609375,41453.39453125,41553.0390625,41553.0390625,0,BTC-USD
2024-01-20 12:00:00,41556.015625,41665.328125,41526.3515625,41600.87890625,41600.87890625,0,BTC-USD
2024-01-20 13:00:00,41592.41796875,41650.4765625,41561.26953125,41586.90625,41586.90625,0,BTC-USD
2024-01-20 14:00:00,41600.953125,41615.765625,41479.4375,41518.703125,41518.703125,0,BTC-USD
2024-01-20 15:00:00,41518.3984375,41641.98046875,41469.83984375,41538.546875,41538.546875,0,BTC-USD
2024-01-20 16:00:00,41541.4375,41654.09375,41535.84375,41589.625,41589.625,0,BTC-USD
2024-01-20 17:00:00,41586.4453125,41654.03515625,41573.0546875,41622.140625,41622.140625,0,BTC-USD
2024-01-20 18:00:00,41610.27734375,41649.390625,41551.265625,41628.953125,41628.953125,0,BTC-USD
2024-01-20 19:00:00,41629.14453125,41700.80078125,41629.14453125,41651.875,41651.875,0,BTC-USD
2024-01-20 20:00:00,41656.41015625,41829.203125,41644.2421875,41761.15234375,41761.15234375,0,BTC-USD
2024-01-20 21:00:00,41773.69921875,41877.89453125,41712.6640625,41712.6640625,41712.6640625,0,BTC-USD
2024-01-20 22:00:00,41713.89453125,41779.73046875,41667.63671875,41777.59375,41777.59375,0,BTC-USD
2024-01-20 23:00:00,41762.9375,41783.42578125,41635.90234375,41671.3671875,41671.3671875,0,BTC-USD
2024-01-21 00:00:00,41671.48828125,41693.16015625,41605.625,41605.625,41605.625,0,BTC-USD
2024-01-21 01:00:00,41616.08984375,41690.08203125,41610.2890625,41643.63671875,41643.63671875,0,BTC-USD
2024-01-21 02:00:00,41642.32421875,41682.10546875,41640.26953125,41674.48046875,41674.48046875,0,BTC-USD
2024-01-21 03:00:00,41675.62890625,41701.6328125,41650.64453125,41659.8984375,41659.8984375,0,BTC-USD
2024-01-21 04:00:00,41659.12109375,41659.81640625,41634.2734375,41647.20703125,41647.20703125,0,BTC-USD
2024-01-21 05:00:00,41648.13671875,41673.109375,41607.609375,41607.9609375,41607.9609375,0,BTC-USD
2024-01-21 06:00:00,41607.58984375,41632.421875,41563.06640625,41576.4140625,41576.4140625,0,BTC-USD
2024-01-21 07:00:00,41578.13671875,41639.34375,41569.28515625,41630.16015625,41630.16015625,0,BTC-USD
2024-01-21 08:00:00,41622.421875,41685.66015625,41622.421875,41640.3984375,41640.3984375,0,BTC-USD
2024-01-21 09:00:00,41640.7109375,41711.41015625,41640.7109375,41709.76953125,41709.76953125,0,BTC-USD
2024-01-21 10:00:00,41712.44140625,41791.6953125,41685.6953125,41783.7421875,41783.7421875,9916416,BTC-USD
2024-01-21 11:00:00,41765.69140625,41780.6953125,41682.0234375,41693.62890625,41693.62890625,0,BTC-USD
2024-01-21 12:00:00,41694.94140625,41784.87109375,41686.6015625,41717.54296875,41717.54296875,0,BTC-USD
2024-01-21 13:00:00,41716.72265625,41825.40234375,41715.91796875,41824.984375,41824.984375,9844736,BTC-USD
2024-01-21 14:00:00,41827.58984375,41855.3671875,41751.6875,41770.41015625,41770.41015625,0,BTC-USD
2024-01-21 15:00:00,41769.99609375,41834.3828125,41614.58203125,41642.0,41642.0,64709632,BTC-USD
2024-01-21 16:00:00,41633.1953125,41640.0625,41548.75390625,41579.4609375,41579.4609375,86165504,BTC-USD
2024-01-21 17:00:00,41586.44921875,41668.59375,41584.8984375,41654.30078125,41654.30078125,0,BTC-USD
2024-01-21 18:00:00,41656.5546875,41702.5234375,41611.44140625,41661.05078125,41661.05078125,0,BTC-USD
2024-01-21 19:00:00,41664.73046875,41700.04296875,41626.609375,41700.04296875,41700.04296875,0,BTC-USD
2024-01-21 20:00:00,41704.0546875,41749.3984375,41613.35546875,41626.48046875,41626.48046875,0,BTC-USD
2024-01-21 21:00:00,41629.9140625,41768.4375,41614.85546875,41761.57421875,41761.57421875,0,BTC-USD
2024-01-21 22:00:00,41762.80859375,41763.98828125,41618.05078125,41618.05078125,41618.05078125,0,BTC-USD
2024-01-21 23:00:00,41614.6015625,41649.0625,41497.0078125,41530.2890625,41530.2890625,0,BTC-USD
2024-01-22 00:00:00,41553.65234375,41639.3828125,41465.359375,41616.671875,41616.671875,260073472,BTC-USD
2024-01-22 01:00:00,41626.296875,41651.20703125,41282.1796875,41329.60546875,41329.60546875,779243520,BTC-USD
2024-01-22 02:00:00,41334.06640625,41393.58203125,41254.6171875,41298.58203125,41298.58203125,263740416,BTC-USD
2024-01-22 03:00:00,41294.765625,41315.42578125,41065.3671875,41156.62109375,41156.62109375,515551232,BTC-USD
2024-01-22 04:00:00,41163.15234375,41179.6796875,40765.046875,40765.046875,40765.046875,804685824,BTC-USD
2024-01-22 05:00:00,40761.76953125,41104.08984375,40711.3671875,41080.34375,41080.34375,1060047872,BTC-USD
2024-01-22 06:00:00,41094.5390625,41242.07421875,40991.54296875,41177.3515625,41177.3515625,659921920,BTC-USD
2024-01-22 07:00:00,41168.71484375,41168.71484375,40957.26953125,40998.20703125,40998.20703125,393885696,BTC-USD
2024-01-22 08:00:00,40995.65234375,40995.65234375,40741.29296875,40908.56640625,40908.56640625,890927104,BTC-USD
2024-01-22 09:00:00,40914.7890625,40989.44140625,40676.7734375,40703.1171875,40703.1171875,592969728,BTC-USD
2024-01-22 10:00:00,40711.765625,40807.33984375,40380.54296875,40676.51953125,40676.51953125,1407418368,BTC-USD
2024-01-22 11:00:00,40666.83203125,40885.69140625,40649.3828125,40833.05859375,40833.05859375,688863232,BTC-USD
2024-01-22 12:00:00,40782.2265625,40877.6015625,40678.48828125,40824.8671875,40824.8671875,471281664,BTC-USD
2024-01-22 13:00:00,40847.8984375,41169.296875,40847.8984375,40902.296875,40902.296875,823281664,BTC-USD
2024-01-22 14:00:00,40915.8828125,40943.1875,40516.09765625,40672.8984375,40672.8984375,1074954240,BTC-USD
2024-01-22 15:00:00,40665.96484375,40751.60546875,40373.9609375,40684.15234375,40684.15234375,1149632512,BTC-USD
2024-01-22 16:00:00,40710.94921875,40808.94921875,40394.09375,40505.75,40505.75,755064832,BTC-USD
2024-01-22 17:00:00,40471.51953125,40744.42578125,40457.11328125,40668.6640625,40668.6640625,718934016,BTC-USD
2024-01-22 18:00:00,40669.86328125,40730.47265625,40138.83984375,40306.1015625,40306.1015625,1375905792,BTC-USD
2024-01-22 19:00:00,40284.515625,40478.05859375,39450.1171875,39748.34765625,39748.34765625,3446532096,BTC-USD
2024-01-22 20:00:00,39787.24609375,40292.63671875,39787.24609375,40135.52734375,40135.52734375,1665280000,BTC-USD
2024-01-22 21:00:00,40120.1640625,40140.39453125,39849.1171875,39849.1171875,39849.1171875,916209664,BTC-USD
2024-01-22 22:00:00,39771.328125,40020.03515625,39629.1015625,39833.47265625,39833.47265625,821229568,BTC-USD
2024-01-22 23:00:00,39844.0703125,39896.1328125,39450.40234375,39503.578125,39503.578125,416866304,BTC-USD
2024-01-23 00:00:00,39518.71484375,39825.84765625,39510.87109375,39811.16796875,39811.16796875,413655040,BTC-USD
2024-01-23 01:00:00,39806.84765625,39865.078125,39685.1875,39805.4765625,39805.4765625,0,BTC-USD
2024-01-23 02:00:00,39795.7734375,40022.7890625,39783.25,40022.7890625,40022.7890625,61153280,BTC-USD
2024-01-23 03:00:00,40021.60546875,40074.1953125,39945.6328125,39965.01953125,39965.01953125,0,BTC-USD
2024-01-23 04:00:00,39963.01953125,40127.3515625,39963.01953125,40033.1015625,40033.1015625,0,BTC-USD
2024-01-23 05:00:00,40029.75,40083.62890625,40020.98046875,40040.85546875,40040.85546875,0,BTC-USD
2024-01-23 06:00:00,40033.91796875,40076.89453125,39957.359375,39978.99609375,39978.99609375,0,BTC-USD
2024-01-23 07:00:00,39981.57421875,39985.703125,39654.76953125,39705.5078125,39705.5078125,97011712,BTC-USD
2024-01-23 08:00:00,39736.58203125,39799.859375,39403.9921875,39438.515625,39438.515625,289091584,BTC-USD
2024-01-23 09:00:00,39426.74609375,39450.3203125,38893.0625,38933.33203125,38933.33203125,1788315648,BTC-USD
2024-01-23 10:00:00,38936.9375,39119.7109375,38839.953125,38909.4453125,38909.4453125,0,BTC-USD
2024-01-23 11:00:00,38888.80078125,39021.16015625,38631.640625,38761.87890625,38761.87890625,494751744,BTC-USD
2024-01-23 12:00:00,38802.8515625,39008.3359375,38748.34765625,39008.3359375,39008.3359375,598003712,BTC-USD
2024-01-23 13:00:00,39016.8828125,39016.8828125,38854.8125,38854.8125,38854.8125,0,BTC-USD
2024-01-23 14:00:00,38826.765625,38834.50390625,38521.89453125,38754.24609375,38754.24609375,346132480,BTC-USD
2024-01-23 15:00:00,38740.49609375,39361.01953125,38740.49609375,39158.87109375,39158.87109375,594757632,BTC-USD
2024-01-23 16:00:00,39166.30859375,39324.453125,38896.12109375,39300.90625,39300.90625,320610304,BTC-USD
2024-01-23 17:00:00,39281.13671875,39554.09765625,39238.6875,39361.33203125,39361.33203125,700387328,BTC-USD
2024-01-23 18:00:00,39355.921875,39592.390625,39125.9140625,39125.9140625,39125.9140625,0,BTC-USD
2024-01-23 19:00:00,39083.703125,39236.07421875,38995.51171875,39130.44140625,39130.44140625,0,BTC-USD
2024-01-23 20:00:00,39129.25390625,39332.984375,39018.671875,39075.56640625,39075.56640625,0,BTC-USD
2024-01-23 21:00:00,39141.078125,39233.00390625,39045.2890625,39209.078125,39209.078125,0,BTC-USD
2024-01-23 22:00:00,39207.54296875,39515.234375,39173.40234375,39441.98828125,39441.98828125,0,BTC-USD
2024-01-23 23:00:00,39435.1640625,39854.05859375,39435.1640625,39826.38671875,39826.38671875,291815424,BTC-USD
2024-01-24 00:00:00,39877.59375,40218.01953125,39770.62109375,40201.953125,40201.953125,333600768,BTC-USD
2024-01-24 01:00:00,40158.6328125,40158.6328125,39785.09765625,39794.4140625,39794.4140625,485638144,BTC-USD
2024-01-24 02:00:00,39768.77734375,39861.29296875,39704.3359375,39737.5,39737.5,0,BTC-USD
2024-01-24 03:00:00,39733.1796875,39765.1875,39563.7890625,39578.9296875,39578.9296875,149598208,BTC-USD
2024-01-24 04:00:00,39591.54296875,39708.58203125,39554.08203125,39640.20703125,39640.20703125,124014592,BTC-USD
2024-01-24 05:00:00,39636.171875,39787.6171875,39636.171875,39761.859375,39761.859375,231684096,BTC-USD
2024-01-24 06:00:00,39761.953125,39847.8515625,39647.890625,39842.14453125,39842.14453125,203042816,BTC-USD
2024-01-24 07:00:00,39841.16796875,40104.70703125,39799.4921875,39936.609375,39936.609375,152778752,BTC-USD
2024-01-24 08:00:00,39942.875,40072.7890625,39852.16015625,39937.8984375,39937.8984375,0,BTC-USD
2024-01-24 09:00:00,39928.375,40062.11328125,39893.3359375,40009.64453125,40009.64453125,0,BTC-USD
2024-01-24 10:00:00,40003.37890625,40483.78515625,39976.875,40329.97265625,40329.97265625,0,BTC-USD
2024-01-24 11:00:00,40320.38671875,40320.38671875,40112.48828125,40180.40625,40180.40625,0,BTC-USD
2024-01-24 12:00:00,40186.12890625,40271.26953125,39995.66796875,40017.5,40017.5,0,BTC-USD
2024-01-24 13:00:00,40010.06640625,40077.32421875,39892.6328125,39945.3671875,39945.3671875,46841856,BTC-USD
2024-01-24 14:00:00,39962.38671875,40161.859375,39768.96484375,39833.20703125,39833.20703125,0,BTC-USD
2024-01-24 15:00:00,39898.75390625,40086.10546875,39854.37109375,40020.890625,40020.890625,0,BTC-USD
2024-01-24 16:00:00,40032.5859375,40156.3515625,39917.00390625,40148.47265625,40148.47265625,0,BTC-USD
2024-01-24 17:00:00,40164.35546875,40170.71875,40040.81640625,40090.10546875,40090.10546875,0,BTC-USD
2024-01-24 18:00:00,40121.78515625,40121.78515625,39619.5625,39728.84375,39728.84375,0,BTC-USD
2024-01-24 19:00:00,39742.14453125,39809.68359375,39645.1171875,39806.59765625,39806.59765625,0,BTC-USD
2024-01-24 20:00:00,39787.90234375,39958.29296875,39508.796875,39633.53515625,39633.53515625,0,BTC-USD
2024-01-24 21:00:00,39548.15625,39754.0078125,39548.15625,39754.0078125,39754.0078125,93120512,BTC-USD
2024-01-24 22:00:00,39752.18359375,39873.453125,39744.671875,39849.36328125,39849.36328125,0,BTC-USD
2024-01-24 23:00:00,39859.4765625,40155.6171875,39839.25390625,40073.890625,40073.890625,0,BTC-USD
2024-01-25 00:00:00,40075.55078125,40154.67578125,40003.7421875,40150.88671875,40150.88671875,0,BTC-USD
2024-01-25 01:00:00,40153.39453125,40153.39453125,39938.1171875,39982.3046875,39982.3046875,0,BTC-USD
2024-01-25 02:00:00,39966.26953125,40055.34375,39920.35546875,39923.01953125,39923.01953125,0,BTC-USD
2024-01-25 03:00:00,39928.33984375,40073.640625,39928.33984375,39998.15234375,39998.15234375,0,BTC-USD
2024-01-25 04:00:00,40003.63671875,40009.83984375,39910.75390625,39943.10546875,39943.10546875,0,BTC-USD
2024-01-25 05:00:00,39945.29296875,39947.6875,39779.9140625,39858.38671875,39858.38671875,0,BTC-USD
2024-01-25 06:00:00,39858.9375,40025.46875,39858.9375,40025.46875,40025.46875,0,BTC-USD
2024-01-25 07:00:00,40018.421875,40106.41015625,39978.13671875,40096.54296875,40096.54296875,0,BTC-USD
2024-01-25 08:00:00,40098.65625,40144.00390625,40013.2421875,40051.83203125,40051.83203125,0,BTC-USD
2024-01-25 09:00:00,40059.24609375,40107.30859375,40026.3046875,40026.3046875,40026.3046875,0,BTC-USD
2024-01-25 10:00:00,40014.6796875,40094.296875,39967.70703125,40094.296875,40094.296875,0,BTC-USD
2024-01-25 11:00:00,40090.2890625,40254.17578125,40075.53515625,40152.125,40152.125,92649472,BTC-USD
2024-01-25 12:00:00,40161.94140625,40242.34375,39843.3203125,39869.59375,39869.59375,159258624,BTC-USD
2024-01-25 13:00:00,39869.1484375,39940.265625,39794.40625,39909.109375,39909.109375,0,BTC-USD
2024-01-25 14:00:00,39909.671875,40067.42578125,39884.921875,39990.7578125,39990.7578125,0,BTC-USD
2024-01-25 15:00:00,39999.0078125,40007.390625,39640.21484375,39830.1875,39830.1875,0,BTC-USD
2024-01-25 16:00:00,39796.85546875,39820.66015625,39674.4921875,39687.0,39687.0,106539008,BTC-USD
2024-01-25 17:00:00,39682.3359375,39808.6484375,39545.6640625,39799.140625,39799.140625,209827840,BTC-USD
2024-01-25 18:00:00,39793.0078125,39986.03515625,39744.2421875,39849.16796875,39849.16796875,194283520,BTC-USD
2024-01-25 19:00:00,39836.265625,39969.8984375,39735.91015625,39950.9453125,39950.9453125,58537984,BTC-USD
2024-01-25 20:00:00,39962.18359375,39980.28125,39636.14453125,39636.14453125,39636.14453125,0,BTC-USD
2024-01-25 21:00:00,39793.2109375,39916.625,39780.09375,39916.625,39916.625,0,BTC-USD
2024-01-25 22:00:00,39907.36328125,39959.33984375,39891.35546875,39959.33984375,39959.33984375,0,BTC-USD
2024-01-25 23:00:00,39954.05859375,39966.62109375,39893.98046875,39937.8046875,39937.8046875,0,BTC-USD
2024-01-26 00:00:00,39936.81640625,39949.4921875,39885.53515625,39885.53515625,39885.53515625,0,BTC-USD
2024-01-26 01:00:00,39884.65625,39948.18359375,39825.69140625,39919.1015625,39919.1015625,0,BTC-USD
2024-01-26 02:00:00,39925.8203125,40180.0546875,39925.8203125,40121.92578125,40121.92578125,396767232,BTC-USD
2024-01-26 03:00:00,40122.0546875,40170.59375,40053.421875,40054.82421875,40054.82421875,0,BTC-USD
2024-01-26 04:00:00,40051.75,40181.91015625,40050.48046875,40123.0859375,40123.0859375,0,BTC-USD
2024-01-26 05:00:00,40129.03515625,40161.2421875,40071.01171875,40093.109375,40093.109375,0,BTC-USD
2024-01-26 06:00:00,40093.5703125,40134.65234375,39994.3984375,39998.0703125,39998.0703125,0,BTC-USD
2024-01-26 07:00:00,39993.24609375,40011.828125,39902.55078125,39958.69921875,39958.69921875,212871168,BTC-USD
2024-01-26 08:00:00,39962.73828125,40152.40234375,39962.73828125,40115.41796875,40115.41796875,131334144,BTC-USD
2024-01-26 09:00:00,40114.38671875,40364.0546875,40091.71484375,40091.71484375,40091.71484375,414404608,BTC-USD
2024-01-26 10:00:00,40062.43359375,40712.9140625,40062.43359375,40703.53125,40703.53125,1031471104,BTC-USD
2024-01-26 11:00:00,40678.625,41299.84375,40678.625,41279.234375,41279.234375,1504647168,BTC-USD
2024-01-26 12:00:00,41272.875,41463.58203125,41087.71875,41129.71484375,41129.71484375,970024960,BTC-USD
2024-01-26 13:00:00,41125.046875,41190.4375,40942.30859375,41017.55859375,41017.55859375,85553152,BTC-USD
2024-01-26 14:00:00,41004.79296875,41474.5,41004.79296875,41474.5,41474.5,267491328,BTC-USD
2024-01-26 15:00:00,41541.41015625,41541.41015625,41223.046875,41400.3671875,41400.3671875,639991808,BTC-USD
2024-01-26 16:00:00,41400.65625,41973.21484375,41400.65625,41957.8984375,41957.8984375,1201637376,BTC-USD
2024-01-26 17:00:00,41952.96484375,41989.38671875,41765.7265625,41901.0,41901.0,323250176,BTC-USD
2024-01-26 18:00:00,41907.984375,42164.74609375,41846.2734375,42093.23046875,42093.23046875,85852160,BTC-USD
2024-01-26 19:00:00,42096.609375,42103.01953125,41954.46484375,42022.640625,42022.640625,240123904,BTC-USD
2024-01-26 20:00:00,42058.94140625,42209.38671875,41850.86328125,41965.0859375,41965.0859375,340680704,BTC-USD
2024-01-26 21:00:00,41977.68359375,42034.78515625,41881.8671875,41996.3984375,41996.3984375,0,BTC-USD
2024-01-26 22:00:00,42000.171875,42005.25390625,41838.3359375,41911.59765625,41911.59765625,303376384,BTC-USD
2024-01-26 23:00:00,41903.2578125,41942.0703125,41850.21875,41856.6875,41856.6875,8779776,BTC-USD
2024-01-27 00:00:00,41815.625,41858.55859375,41725.16796875,41790.2265625,41790.2265625,188391424,BTC-USD
2024-01-27 01:00:00,41786.20703125,41926.40625,41778.94140625,41817.78515625,41817.78515625,7059456,BTC-USD
2024-01-27 02:00:00,41814.390625,41890.71484375,41814.390625,41846.00390625,41846.00390625,0,BTC-USD
2024-01-27 03:00:00,41844.50390625,41859.82421875,41774.5234375,41809.05078125,41809.05078125,0,BTC-USD
2024-01-27 04:00:00,41812.65234375,41871.1328125,41802.4296875,41847.3515625,41847.3515625,0,BTC-USD
2024-01-27 05:00:00,41844.27734375,41867.6171875,41754.3203125,41765.06640625,41765.06640625,0,BTC-USD
2024-01-27 06:00:00,41766.37109375,41809.12109375,41719.5703125,41719.5703125,41719.5703125,0,BTC-USD
2024-01-27 07:00:00,41710.40234375,41725.1875,41622.109375,41691.609375,41691.609375,0,BTC-USD
2024-01-27 08:00:00,41706.1484375,41706.1484375,41456.19140625,41462.734375,41462.734375,34424832,BTC-USD
2024-01-27 09:00:00,41472.2109375,41727.8671875,41431.28125,41686.42578125,41686.42578125,0,BTC-USD
2024-01-27 10:00:00,41672.26953125,41782.91015625,41662.23828125,41753.46875,41753.46875,0,BTC-USD
2024-01-27 11:00:00,41752.3984375,41782.58984375,41716.65625,41757.62890625,41757.62890625,0,BTC-USD
2024-01-27 12:00:00,41758.97265625,41797.0703125,41717.12890625,41756.44140625,41756.44140625,0,BTC-USD
2024-01-27 13:00:00,41752.41015625,41794.45703125,41727.88671875,41729.98046875,41729.98046875,0,BTC-USD
2024-01-27 14:00:00,41739.61328125,41817.22265625,41737.1015625,41751.07421875,41751.07421875,0,BTC-USD
2024-01-27 15:00:00,41761.0234375,41886.7109375,41750.3203125,41817.4375,41817.4375,0,BTC-USD
2024-01-27 16:00:00,41816.70703125,41893.54296875,41801.40625,41818.60546875,41818.60546875,0,BTC-USD
2024-01-27 17:00:00,41813.1015625,41839.90625,41780.78515625,41780.78515625,41780.78515625,0,BTC-USD
2024-01-27 18:00:00,41785.515625,41810.79296875,41753.984375,41793.32421875,41793.32421875,0,BTC-USD
2024-01-27 19:00:00,41793.109375,41965.56640625,41791.95703125,41915.40625,41915.40625,0,BTC-USD
2024-01-27 20:00:00,41914.578125,42070.8828125,41914.578125,42070.8828125,42070.8828125,0,BTC-USD
2024-01-27 21:00:00,42062.05859375,42163.53125,42028.5546875,42138.578125,42138.578125,0,BTC-USD
2024-01-27 22:00:00,42146.79296875,42195.6328125,42090.1015625,42148.93359375,42148.93359375,0,BTC-USD
2024-01-27 23:00:00,42155.0859375,42159.63671875,42104.5,42119.79296875,42119.79296875,18596864,BTC-USD
2024-01-28 00:00:00,42126.125,42143.890625,41959.3984375,41981.29296875,41981.29296875,0,BTC-USD
2024-01-28 01:00:00,41988.02734375,42226.1796875,41988.02734375,42101.015625,42101.015625,322717696,BTC-USD
2024-01-28 02:00:00,42100.8828125,42173.046875,42100.8828125,42102.6953125,42102.6953125,82607104,BTC-USD
2024-01-28 03:00:00,42105.69921875,42229.41796875,42104.03515625,42229.41796875,42229.41796875,0,BTC-USD
2024-01-28 04:00:00,42223.47265625,42727.4609375,42223.47265625,42727.4609375,42727.4609375,898724864,BTC-USD
2024-01-28 05:00:00,42704.71484375,42797.17578125,42478.16796875,42553.046875,42553.046875,837014528,BTC-USD
2024-01-28 06:00:00,42556.1796875,42570.1484375,42329.4609375,42409.19921875,42409.19921875,386885632,BTC-USD
2024-01-28 07:00:00,42410.43359375,42511.046875,42369.3671875,42388.0,42388.0,71604224,BTC-USD
2024-01-28 08:00:00,42390.40625,42606.16796875,42338.703125,42484.90234375,42484.90234375,23231488,BTC-USD
2024-01-28 09:00:00,42488.37890625,42681.6640625,42442.91796875,42590.296875,42590.296875,116336640,BTC-USD
2024-01-28 10:00:00,42583.70703125,42641.046875,42510.859375,42612.2265625,42612.2265625,13275136,BTC-USD
2024-01-28 11:00:00,42609.98828125,42616.0859375,42387.90625,42467.42578125,42467.42578125,246128640,BTC-USD
2024-01-28 12:00:00,42473.265625,42492.6796875,42303.37890625,42417.734375,42417.734375,316009472,BTC-USD
2024-01-28 13:00:00,42416.21484375,42432.48828125,42276.21484375,42398.0078125,42398.0078125,251557888,BTC-USD
2024-01-28 14:00:00,42393.1015625,42509.91796875,42285.35546875,42297.42578125,42297.42578125,209399808,BTC-USD
2024-01-28 15:00:00,42291.33203125,42393.81640625,42182.23828125,42259.73046875,42259.73046875,241510400,BTC-USD
2024-01-28 16:00:00,42256.0859375,42336.37109375,42177.8203125,42314.921875,42314.921875,183810048,BTC-USD
2024-01-28 17:00:00,42310.0625,42310.3828125,42110.640625,42186.2890625,42186.2890625,217745408,BTC-USD
2024-01-28 18:00:00,42179.36328125,42179.36328125,41944.33203125,41989.828125,41989.828125,333031424,BTC-USD
2024-01-28 19:00:00,41982.78125,42011.3359375,41742.24609375,41786.390625,41786.390625,258987008,BTC-USD
2024-01-28 20:00:00,41790.0078125,41957.390625,41696.91015625,41957.390625,41957.390625,321176576,BTC-USD
2024-01-28 21:00:00,41948.19140625,42011.265625,41818.2890625,41988.1328125,41988.1328125,47665152,BTC-USD
2024-01-28 22:00:00,41986.078125,41986.078125,41708.87109375,41830.78125,41830.78125,69282816,BTC-USD
2024-01-28 23:00:00,41832.51171875,42065.34375,41770.5078125,42029.4375,42029.4375,172996608,BTC-USD
2024-01-29 00:00:00,42030.9140625,42048.6171875,41894.50390625,41978.1640625,41978.1640625,0,BTC-USD
2024-01-29 01:00:00,41975.54296875,42280.921875,41975.54296875,42156.296875,42156.296875,0,BTC-USD
2024-01-29 02:00:00,42157.875,42302.6875,42141.74609375,42221.0703125,42221.0703125,69437440,BTC-USD
2024-01-29 03:00:00,42228.20703125,42477.41796875,42228.20703125,42336.76953125,42336.76953125,341699584,BTC-USD
2024-01-29 04:00:00,42333.6015625,42333.6015625,42203.8984375,42224.28125,42224.28125,0,BTC-USD
2024-01-29 05:00:00,42217.359375,42265.51171875,42135.1875,42136.5078125,42136.5078125,0,BTC-USD
2024-01-29 06:00:00,42138.59765625,42244.21484375,42137.69140625,42149.76953125,42149.76953125,0,BTC-USD
2024-01-29 07:00:00,42156.91796875,42232.2265625,42025.40625,42047.47265625,42047.47265625,0,BTC-USD
2024-01-29 08:00:00,42048.78125,42129.22265625,41970.09375,42125.4296875,42125.4296875,0,BTC-USD
2024-01-29 09:00:00,42121.984375,42285.97265625,41966.58203125,42260.33203125,42260.33203125,0,BTC-USD
2024-01-29 10:00:00,42271.8828125,42366.20703125,42224.2890625,42313.5703125,42313.5703125,35737600,BTC-USD
2024-01-29 11:00:00,42310.328125,42342.53515625,42206.421875,42223.18359375,42223.18359375,0,BTC-USD
2024-01-29 12:00:00,42231.26171875,42361.4375,42003.4453125,42098.234375,42098.234375,0,BTC-USD
2024-01-29 13:00:00,42106.92578125,42124.21875,41945.5390625,41996.125,41996.125,241610752,BTC-USD
2024-01-29 14:00:00,41999.30859375,42081.9453125,41818.33203125,41935.5625,41935.5625,365764608,BTC-USD
2024-01-29 15:00:00,41940.453125,42601.80078125,41880.140625,42601.80078125,42601.80078125,839596032,BTC-USD
2024-01-29 16:00:00,42620.609375,43301.41796875,42544.390625,43169.67578125,43169.67578125,2546868224,BTC-USD
2024-01-29 17:00:00,43194.8984375,43298.953125,42952.7890625,42993.51953125,42993.51953125,964724736,BTC-USD
2024-01-29 18:00:00,42997.34375,43108.171875,42907.01171875,43026.4765625,43026.4765625,304699392,BTC-USD
2024-01-29 19:00:00,43032.39453125,43131.93359375,43007.59375,43013.08984375,43013.08984375,105916416,BTC-USD
2024-01-29 20:00:00,43000.62890625,43198.9140625,43000.62890625,43146.0546875,43146.0546875,126695424,BTC-USD
2024-01-29 21:00:00,43165.37109375,43251.6015625,43086.9453125,43215.44140625,43215.44140625,299372544,BTC-USD
2024-01-29 22:00:00,43201.875,43213.57421875,43104.5,43150.125,43150.125,0,BTC-USD
2024-01-29 23:00:00,43137.21484375,43305.8671875,43097.078125,43276.203125,43276.203125,89645056,BTC-USD
2024-01-30 00:00:00,43300.2265625,43300.2265625,43154.61328125,43186.1796875,43186.1796875,88756224,BTC-USD
2024-01-30 01:00:00,43176.34765625,43540.2265625,43169.21875,43439.39453125,43439.39453125,759519232,BTC-USD
2024-01-30 02:00:00,43436.4453125,43750.42578125,43436.4453125,43621.71875,43621.71875,613234688,BTC-USD
2024-01-30 03:00:00,43615.265625,43668.1640625,43480.453125,43506.83984375,43506.83984375,192352256,BTC-USD
2024-01-30 04:00:00,43513.42578125,43552.82421875,43414.19921875,43416.4296875,43416.4296875,114405376,BTC-USD
2024-01-30 05:00:00,43415.69140625,43455.43359375,43353.56640625,43358.453125,43358.453125,4075520,BTC-USD
2024-01-30 06:00:00,43364.43359375,43417.51171875,43269.71875,43333.53515625,43333.53515625,95340544,BTC-USD
2024-01-30 07:00:00,43336.4609375,43433.26171875,43320.625,43351.80859375,43351.80859375,81233920,BTC-USD
2024-01-30 08:00:00,43353.484375,43453.17578125,43238.62890625,43381.890625,43381.890625,163819520,BTC-USD
2024-01-30 09:00:00,43412.65234375,43431.33984375,43320.28515625,43320.28515625,43320.28515625,0,BTC-USD
2024-01-30 10:00:00,43321.078125,43481.72265625,43298.234375,43481.72265625,43481.72265625,34646016,BTC-USD
2024-01-30 11:00:00,43474.87890625,43547.5078125,43419.015625,43542.4375,43542.4375,206694400,BTC-USD
2024-01-30 12:00:00,43535.8671875,43838.9453125,43272.25,43362.70703125,43362.70703125,1135927296,BTC-USD
2024-01-30 13:00:00,43385.01171875,43468.55859375,43172.9296875,43296.57421875,43296.57421875,368224256,BTC-USD
2024-01-30 14:00:00,43247.62890625,43471.765625,43139.0234375,43424.15234375,43424.15234375,164923392,BTC-USD
2024-01-30 15:00:00,43450.546875,43583.65625,43334.68359375,43349.89453125,43349.89453125,14835712,BTC-USD
2024-01-30 16:00:00,43365.5625,43495.03515625,43233.5234375,43488.3828125,43488.3828125,0,BTC-USD
2024-01-30 17:00:00,43495.46875,43586.52734375,43318.4375,43411.921875,43411.921875,0,BTC-USD
2024-01-30 18:00:00,43409.3984375,43481.47265625,43296.3671875,43383.40234375,43383.40234375,0,BTC-USD
2024-01-30 19:00:00,43372.3203125,43554.82421875,43344.3515625,43534.57421875,43534.57421875,0,BTC-USD
2024-01-30 20:00:00,43545.546875,43731.90625,43511.48828125,43641.15234375,43641.15234375,759971840,BTC-USD
2024-01-30 21:00:00,43571.0703125,43683.09375,43500.671875,43545.640625,43545.640625,159399936,BTC-USD
2024-01-30 22:00:00,43551.4140625,43570.07421875,43346.44921875,43346.44921875,43346.44921875,20652032,BTC-USD
2024-01-30 23:00:00,43350.0,43350.0,42711.37109375,42941.28125,42941.28125,704018432,BTC-USD
2024-01-31 00:00:00,42946.25,43053.9375,42873.578125,42917.44921875,42917.44921875,451825664,BTC-USD
2024-01-31 01:00:00,42940.72265625,42990.46484375,42727.9140625,42806.109375,42806.109375,0,BTC-USD
2024-01-31 02:00:00,42776.56640625,42872.04296875,42691.06640625,42872.04296875,42872.04296875,0,BTC-USD
2024-01-31 03:00:00,42863.8671875,42975.6875,42856.04296875,42917.40234375,42917.40234375,0,BTC-USD
2024-01-31 04:00:00,42917.01171875,42974.3046875,42869.16015625,42956.07421875,42956.07421875,0,BTC-USD
2024-01-31 05:00:00,42947.94140625,43024.42578125,42917.7734375,42971.140625,42971.140625,6277120,BTC-USD
2024-01-31 06:00:00,42966.9765625,43034.1328125,42911.34375,42948.46484375,42948.46484375,0,BTC-USD
2024-01-31 07:00:00,42954.8984375,43048.8671875,42931.625,43048.8671875,43048.8671875,0,BTC-USD
2024-01-31 08:00:00,43038.32421875,43047.10546875,42929.2890625,42963.125,42963.125,0,BTC-USD
2024-01-31 09:00:00,42959.32421875,42959.32421875,42680.44921875,42680.44921875,42680.44921875,163700736,BTC-USD
2024-01-31 10:00:00,42634.734375,42751.70703125,42408.87890625,42431.96484375,42431.96484375,640903168,BTC-USD
2024-01-31 11:00:00,42391.32421875,42630.78125,42356.31640625,42629.55078125,42629.55078125,238878720,BTC-USD
2024-01-31 12:00:00,42624.26171875,42692.75390625,42528.50390625,42598.65625,42598.65625,0,BTC-USD
2024-01-31 13:00:00,42598.5390625,42857.546875,42511.5,42758.5703125,42758.5703125,0,BTC-USD
2024-01-31 14:00:00,42778.51953125,42939.0234375,42564.390625,42904.796875,42904.796875,294918144,BTC-USD
2024-01-31 15:00:00,42874.66015625,43418.1328125,42726.22265625,43343.2890625,43343.2890625,629798912,BTC-USD
2024-01-31 16:00:00,43350.87890625,43556.265625,43312.05859375,43482.87109375,43482.87109375,122363904,BTC-USD
2024-01-31 17:00:00,43470.77734375,43653.33203125,43458.84765625,43653.33203125,43653.33203125,67620864,BTC-USD
2024-01-31 18:00:00,43717.40625,43717.40625,43476.14453125,43493.81640625,43493.81640625,26341376,BTC-USD
2024-01-31 19:00:00,43495.86328125,43536.36328125,43056.84375,43319.1171875,43319.1171875,807354368,BTC-USD
2024-01-31 20:00:00,43317.0703125,43335.83203125,42601.3828125,42621.86328125,42621.86328125,322527232,BTC-USD
2024-01-31 21:00:00,42528.421875,42671.625,42298.9453125,42424.4921875,42424.4921875,745455616,BTC-USD
2024-01-31 22:00:00,42451.41015625,42661.39453125,42368.63671875,42645.18359375,42645.18359375,263684096,BTC-USD
2024-01-31 23:00:00,42638.484375,42639.01953125,42542.87109375,42590.13671875,42590.13671875,0,BTC-USD
2024-02-01 00:00:00,42569.76171875,42632.48046875,42236.43359375,42455.4765625,42455.4765625,0,BTC-USD
2024-02-01 01:00:00,42448.76171875,42448.76171875,41879.19140625,41985.40625,41985.40625,648820736,BTC-USD
2024-02-01 02:00:00,41951.44140625,42131.9609375,41951.44140625,42108.98046875,42108.98046875,8837120,BTC-USD
2024-02-01 03:00:00,42128.859375,42140.01953125,41955.21875,41995.87890625,41995.87890625,132382720,BTC-USD
2024-02-01 04:00:00,41988.73828125,42096.69921875,41896.6015625,42043.20703125,42043.20703125,397076480,BTC-USD
2024-02-01 05:00:00,42032.40234375,42136.0703125,42010.859375,42112.6015625,42112.6015625,118726656,BTC-USD
2024-02-01 06:00:00,42114.08984375,42176.75390625,42088.4296875,42129.91015625,42129.91015625,105451520,BTC-USD
2024-02-01 07:00:00,42152.046875,42251.98046875,42099.7578125,42185.4140625,42185.4140625,50952192,BTC-USD
2024-02-01 08:00:00,42160.23046875,42202.03515625,42088.9296875,42197.796875,42197.796875,0,BTC-USD
2024-02-01 09:00:00,42199.54296875,42207.5390625,42104.31640625,42104.31640625,42104.31640625,0,BTC-USD
2024-02-01 10:00:00,42107.109375,42287.953125,42087.14453125,42202.171875,42202.171875,0,BTC-USD
2024-02-01 11:00:00,42190.9765625,42254.75390625,42028.671875,42028.671875,42028.671875,0,BTC-USD
2024-02-01 12:00:00,42045.484375,42177.28125,41933.18359375,42104.3125,42104.3125,214921216,BTC-USD
2024-02-01 13:00:00,42108.72265625,42254.99609375,41975.75,42203.859375,42203.859375,0,BTC-USD
2024-02-01 14:00:00,42200.9375,42585.9296875,42190.2109375,42585.9296875,42585.9296875,0,BTC-USD
2024-02-01 15:00:00,42622.51171875,42908.3203125,42539.01171875,42548.1171875,42548.1171875,0,BTC-USD
2024-02-01 16:00:00,42510.34375,42675.5859375,42376.21484375,42666.47265625,42666.47265625,0,BTC-USD
2024-02-01 17:00:00,42660.51171875,43145.015625,42633.62890625,42923.203125,42923.203125,416905216,BTC-USD
2024-02-01 18:00:00,42912.16015625,43016.6796875,42774.86328125,42842.984375,42842.984375,0,BTC-USD
2024-02-01 19:00:00,42838.23046875,43243.16796875,42838.23046875,43178.9609375,43178.9609375,0,BTC-USD
2024-02-01 20:00:00,43192.3984375,43211.50390625,42902.20703125,42944.08203125,42944.08203125,0,BTC-USD
2024-02-01 21:00:00,42976.9375,43195.54296875,42976.9375,43127.125,43127.125,0,BTC-USD
2024-02-01 22:00:00,43103.64453125,43103.64453125,42895.24609375,42940.125,42940.125,0,BTC-USD
2024-02-01 23:00:00,42931.5703125,43074.37109375,42891.515625,43070.765625,43070.765625,0,BTC-USD
2024-02-02 00:00:00,43077.640625,43398.3125,43053.44140625,43189.73046875,43189.73046875,156850176,BTC-USD
2024-02-02 01:00:00,43179.171875,43280.04296875,43106.7734375,43109.40625,43109.40625,0,BTC-USD
2024-02-02 02:00:00,43109.2109375,43170.18359375,43036.16015625,43071.83203125,43071.83203125,0,BTC-USD
2024-02-02 03:00:00,43069.06640625,43090.65625,43017.24609375,43027.265625,43027.265625,0,BTC-USD
2024-02-02 04:00:00,43028.625,43041.84375,42935.296875,42957.46484375,42957.46484375,0,BTC-USD
2024-02-02 05:00:00,42951.54296875,43093.3828125,42947.859375,43093.3828125,43093.3828125,0,BTC-USD
2024-02-02 06:00:00,43090.40234375,43228.28125,43079.27734375,43161.37109375,43161.37109375,137959424,BTC-USD
2024-02-02 07:00:00,43143.2890625,43213.24609375,43090.67578125,43095.875,43095.875,214960128,BTC-USD
2024-02-02 08:00:00,43083.5078125,43087.17578125,42954.26953125,42981.015625,42981.015625,54661120,BTC-USD
2024-02-02 09:00:00,42990.828125,43032.234375,42947.484375,42964.14453125,42964.14453125,0,BTC-USD
2024-02-02 10:00:00,42960.35546875,43109.84765625,42938.38671875,43109.84765625,43109.84765625,172511232,BTC-USD
2024-02-02 11:00:00,43100.828125,43160.18359375,43044.4453125,43128.0546875,43128.0546875,27312128,BTC-USD
2024-02-02 12:00:00,43131.89453125,43208.87890625,43059.87109375,43120.42578125,43120.42578125,0,BTC-USD
2024-02-02 13:00:00,43119.22265625,43128.515625,42584.3359375,42615.8671875,42615.8671875,194224128,BTC-USD
2024-02-02 14:00:00,42661.96484375,42871.53125,42608.9453125,42788.48828125,42788.48828125,242878464,BTC-USD
2024-02-02 15:00:00,42787.0390625,43204.4375,42746.21484375,43204.4375,43204.4375,0,BTC-USD
2024-02-02 16:00:00,43205.28125,43422.48828125,43113.79296875,43208.515625,43208.515625,444780544,BTC-USD
2024-02-02 17:00:00,43214.00390625,43267.87890625,42924.40625,42924.40625,42924.40625,0,BTC-USD
2024-02-02 18:00:00,42934.08203125,42952.25390625,42802.3515625,42905.4765625,42905.4765625,0,BTC-USD
2024-02-02 19:00:00,42902.19921875,43052.4765625,42902.19921875,43046.7109375,43046.7109375,0,BTC-USD
2024-02-02 20:00:00,43044.4375,43062.5859375,42902.81640625,42903.9375,42903.9375,0,BTC-USD
2024-02-02 21:00:00,42928.4296875,43048.1015625,42928.4296875,43004.91015625,43004.91015625,0,BTC-USD
2024-02-02 22:00:00,42995.0234375,43169.0859375,42987.453125,43169.0859375,43169.0859375,0,BTC-USD
2024-02-02 23:00:00,43179.36328125,43205.43359375,43124.05078125,43177.05859375,43177.05859375,0,BTC-USD
2024-02-03 00:00:00,43184.96484375,43359.94140625,43155.8203125,43220.21875,43220.21875,0,BTC-USD
2024-02-03 01:00:00,43223.73046875,43293.1171875,43174.96875,43195.43359375,43195.43359375,0,BTC-USD
2024-02-03 02:00:00,43193.33203125,43203.3125,43149.2109375,43154.03515625,43154.03515625,0,BTC-USD
2024-02-03 03:00:00,43161.8671875,43210.4375,43135.8515625,43163.22265625,43163.22265625,0,BTC-USD
2024-02-03 04:00:00,43159.26171875,43202.734375,43152.91015625,43177.76953125,43177.76953125,0,BTC-USD
2024-02-03 05:00:00,43180.2578125,43183.7890625,43100.9140625,43144.8828125,43144.8828125,0,BTC-USD
2024-02-03 06:00:00,43149.40234375,43152.08984375,43075.80859375,43094.203125,43094.203125,0,BTC-USD
2024-02-03 07:00:00,43083.62890625,43113.07421875,43046.75390625,43046.75390625,43046.75390625,0,BTC-USD
2024-02-03 08:00:00,43043.5703125,43076.23828125,43003.0703125,43003.0703125,43003.0703125,0,BTC-USD
2024-02-03 09:00:00,43008.1171875,43110.04296875,43008.1171875,43085.05078125,43085.05078125,0,BTC-USD
2024-02-03 10:00:00,43077.7109375,43108.70703125,43043.61328125,43045.8125,43045.8125,0,BTC-USD
2024-02-03 11:00:00,43050.78125,43051.65625,42973.34765625,42983.5625,42983.5625,0,BTC-USD
2024-02-03 12:00:00,42988.37109375,43067.52734375,42974.18359375,43053.8828125,43053.8828125,0,BTC-USD
2024-02-03 13:00:00,43056.82421875,43076.76171875,43034.91796875,43058.546875,43058.546875,0,BTC-USD
2024-02-03 14:00:00,43055.98046875,43061.51953125,43024.515625,43030.609375,43030.609375,0,BTC-USD
2024-02-03 15:00:00,43033.4609375,43145.171875,42890.80859375,43112.83984375,43112.83984375,0,BTC-USD
2024-02-03 16:00:00,43108.46875,43167.9609375,43068.5078125,43088.36328125,43088.36328125,0,BTC-USD
2024-02-03 17:00:00,43086.41015625,43249.43359375,43086.41015625,43225.4765625,43225.4765625,0,BTC-USD
2024-02-03 18:00:00,43220.04296875,43225.265625,43024.1328125,43054.078125,43054.078125,0,BTC-USD
2024-02-03 19:00:00,43057.0390625,43071.83984375,43008.7109375,43034.046875,43034.046875,0,BTC-USD
2024-02-03 20:00:00,43046.55078125,43085.50390625,43003.984375,43057.92578125,43057.92578125,0,BTC-USD
2024-02-03 21:00:00,43055.3671875,43075.7890625,43016.85546875,43030.7890625,43030.7890625,0,BTC-USD
2024-02-03 22:00:00,43033.5234375,43070.23828125,43005.66015625,43022.49609375,43022.49609375,0,BTC-USD
2024-02-03 23:00:00,43020.94921875,43065.22265625,42946.0234375,42985.94921875,42985.94921875,0,BTC-USD
2024-02-04 00:00:00,42994.94140625,43000.4921875,42898.7890625,43000.4921875,43000.4921875,0,BTC-USD
2024-02-04 01:00:00,43001.01953125,43033.03515625,42945.8046875,43033.03515625,43033.03515625,0,BTC-USD
2024-02-04 02:00:00,43028.82421875,43050.37109375,43008.734375,43008.734375,43008.734375,46392320,BTC-USD
2024-02-04 03:00:00,43008.0625,43030.046875,43008.0625,43014.84375,43014.84375,79617024,BTC-USD
2024-02-04 04:00:00,43015.984375,43022.48828125,42904.53125,42909.07421875,42909.07421875,190136320,BTC-USD
2024-02-04 05:00:00,42909.40234375,42936.1953125,42870.0,42888.55078125,42888.55078125,273692672,BTC-USD
2024-02-04 06:00:00,42885.25390625,42924.23046875,42756.96875,42756.96875,42756.96875,303273984,BTC-USD
2024-02-04 07:00:00,42741.36328125,42847.6796875,42741.36328125,42835.14453125,42835.14453125,271832064,BTC-USD
2024-02-04 08:00:00,42834.67578125,42834.67578125,42778.01171875,42788.5625,42788.5625,121385984,BTC-USD
2024-02-04 09:00:00,42789.61328125,42961.58984375,42739.31640625,42945.11328125,42945.11328125,385233920,BTC-USD
2024-02-04 10:00:00,42933.51171875,42938.02734375,42872.5390625,42931.70703125,42931.70703125,108703744,BTC-USD
2024-02-04 11:00:00,42928.68359375,43092.91015625,42927.4375,43046.21484375,43046.21484375,261355520,BTC-USD
2024-02-04 12:00:00,43046.8828125,43097.64453125,42999.98046875,43010.0859375,43010.0859375,218459136,BTC-USD
2024-02-04 13:00:00,42998.6015625,43016.44921875,42961.59375,42983.0390625,42983.0390625,287731712,BTC-USD
2024-02-04 14:00:00,42981.36328125,43004.02734375,42863.484375,42869.3671875,42869.3671875,432437248,BTC-USD
2024-02-04 15:00:00,42865.46875,42938.40625,42845.70703125,42923.109375,42923.109375,0,BTC-USD
2024-02-04 16:00:00,42923.34375,42925.58984375,42871.5703125,42902.41796875,42902.41796875,0,BTC-USD
2024-02-04 17:00:00,42896.94140625,42946.171875,42838.91796875,42885.640625,42885.640625,0,BTC-USD
2024-02-04 18:00:00,42886.53125,42919.89453125,42753.03515625,42790.4375,42790.4375,0,BTC-USD
2024-02-04 19:00:00,42786.34765625,42804.55859375,42593.3515625,42636.0546875,42636.0546875,472934400,BTC-USD
2024-02-04 20:00:00,42629.75390625,42892.5625,42578.27734375,42840.046875,42840.046875,400409600,BTC-USD
2024-02-04 21:00:00,42860.7421875,42932.9921875,42758.41015625,42760.3125,42760.3125,213901312,BTC-USD
2024-02-04 22:00:00,42761.52734375,42852.5546875,42374.83203125,42554.03515625,42554.03515625,488928256,BTC-USD
2024-02-04 23:00:00,42557.2265625,42634.54296875,42535.01171875,42575.1640625,42575.1640625,101886976,BTC-USD
2024-02-05 00:00:00,42577.62109375,42597.265625,42354.11328125,42372.81640625,42372.81640625,68320256,BTC-USD
2024-02-05 01:00:00,42356.0390625,42501.58203125,42264.81640625,42501.58203125,42501.58203125,325723136,BTC-USD
2024-02-05 02:00:00,42498.14453125,42498.14453125,42370.91796875,42408.19921875,42408.19921875,44574720,BTC-USD
2024-02-05 03:00:00,42414.88671875,42675.328125,42414.88671875,42675.328125,42675.328125,69873664,BTC-USD
2024-02-05 04:00:00,42686.12890625,42764.921875,42647.125,42718.7578125,42718.7578125,57805824,BTC-USD
2024-02-05 05:00:00,42717.1328125,42741.3828125,42609.2109375,42741.3828125,42741.3828125,0,BTC-USD
2024-02-05 06:00:00,42736.16796875,42789.4140625,42672.3125,42788.9375,42788.9375,0,BTC-USD
2024-02-05 07:00:00,42780.1328125,43120.62109375,42762.80078125,43013.55859375,43013.55859375,410952704,BTC-USD
2024-02-05 08:00:00,43034.35546875,43152.2734375,42962.80078125,43000.9453125,43000.9453125,196384768,BTC-USD
2024-02-05 09:00:00,42992.37890625,43014.51171875,42918.44140625,42999.3125,42999.3125,0,BTC-USD
2024-02-05 10:00:00,42996.23828125,43204.21484375,42996.23828125,43107.3515625,43107.3515625,381602816,BTC-USD
2024-02-05 11:00:00,43101.890625,43145.78125,43056.0859375,43145.78125,43145.78125,0,BTC-USD
2024-02-05 12:00:00,43157.484375,43221.55078125,43096.2734375,43218.98046875,43218.98046875,0,BTC-USD
2024-02-05 13:00:00,43217.75390625,43494.25,43205.87890625,43383.5390625,43383.5390625,717299712,BTC-USD
2024-02-05 14:00:00,43399.04296875,43454.171875,43134.03125,43136.2421875,43136.2421875,67350528,BTC-USD
2024-02-05 15:00:00,43149.14453125,43149.14453125,42581.55078125,42593.31640625,42593.31640625,1234941952,BTC-USD
2024-02-05 16:00:00,42593.7421875,42700.5390625,42495.85546875,42700.5390625,42700.5390625,1056763904,BTC-USD
2024-02-05 17:00:00,42686.7890625,42772.8671875,42621.5078125,42676.97265625,42676.97265625,330317824,BTC-USD
2024-02-05 18:00:00,42674.19921875,42678.5078125,42561.62109375,42639.29296875,42639.29296875,142938112,BTC-USD
2024-02-05 19:00:00,42673.37890625,42812.2109375,42672.015625,42725.58984375,42725.58984375,0,BTC-USD
2024-02-05 20:00:00,42723.55078125,42745.5703125,42322.46875,42353.14453125,42353.14453125,342372352,BTC-USD
2024-02-05 21:00:00,42373.05859375,42475.20703125,42343.19921875,42356.0859375,42356.0859375,131094528,BTC-USD
2024-02-05 22:00:00,42347.06640625,42461.68359375,42298.296875,42457.984375,42457.984375,0,BTC-USD
2024-02-05 23:00:00,42452.28515625,42664.51953125,42430.91796875,42657.2109375,42657.2109375,50204672,BTC-USD
2024-02-06 00:00:00,42657.390625,42677.4375,42555.44921875,42556.5234375,42556.5234375,0,BTC-USD
2024-02-06 01:00:00,42554.69921875,42693.16015625,42529.01953125,42636.99609375,42636.99609375,0,BTC-USD
2024-02-06 02:00:00,42633.609375,42861.28515625,42612.76171875,42808.24609375,42808.24609375,181991424,BTC-USD
2024-02-06 03:00:00,42803.01953125,42904.64453125,42727.69921875,42808.9296875,42808.9296875,24309760,BTC-USD
2024-02-06 04:00:00,42809.48828125,42872.453125,42749.73046875,42777.296875,42777.296875,0,BTC-USD
2024-02-06 05:00:00,42778.57421875,42785.0078125,42709.75,42735.921875,42735.921875,267448320,BTC-USD
2024-02-06 06:00:00,42738.53125,42738.53125,42639.80078125,42734.9765625,42734.9765625,0,BTC-USD
2024-02-06 07:00:00,42731.5234375,42849.98046875,42720.70703125,42849.98046875,42849.98046875,0,BTC-USD
2024-02-06 08:00:00,42841.75390625,43030.26171875,42841.75390625,43011.4453125,43011.4453125,98879488,BTC-USD
2024-02-06 09:00:00,43022.6328125,43052.265625,42913.57421875,42955.42578125,42955.42578125,150888448,BTC-USD
2024-02-06 10:00:00,42958.19140625,43046.58203125,42685.375,42755.52734375,42755.52734375,256843776,BTC-USD
2024-02-06 11:00:00,42755.265625,42793.8515625,42683.92578125,42786.171875,42786.171875,208898048,BTC-USD
2024-02-06 12:00:00,42785.9140625,42849.80859375,42625.8984375,42721.8359375,42721.8359375,186916864,BTC-USD
2024-02-06 13:00:00,42739.19140625,42928.50390625,42722.38671875,42820.90625,42820.90625,0,BTC-USD
2024-02-06 14:00:00,42833.46484375,43029.47265625,42791.00390625,42903.3671875,42903.3671875,0,BTC-USD
2024-02-06 15:00:00,42901.4375,43211.109375,42878.6484375,43211.109375,43211.109375,0,BTC-USD
2024-02-06 16:00:00,43214.28515625,43344.1484375,43146.98828125,43172.63671875,43172.63671875,0,BTC-USD
2024-02-06 17:00:00,43154.484375,43234.78515625,43111.7265625,43163.75390625,43163.75390625,11978752,BTC-USD
2024-02-06 18:00:00,43169.0703125,43238.82421875,43027.640625,43173.92578125,43173.92578125,44183552,BTC-USD
2024-02-06 19:00:00,43179.62890625,43264.6328125,43110.453125,43264.6328125,43264.6328125,72925184,BTC-USD
2024-02-06 20:00:00,43261.73046875,43297.81640625,43081.390625,43107.53125,43107.53125,0,BTC-USD
2024-02-06 21:00:00,43091.45703125,43256.61328125,43068.50390625,43183.6015625,43183.6015625,0,BTC-USD
2024-02-06 22:00:00,43183.2890625,43211.83984375,43123.015625,43198.25,43198.25,0,BTC-USD
2024-02-06 23:00:00,43192.8203125,43218.03515625,43069.13671875,43085.640625,43085.640625,0,BTC-USD
2024-02-07 00:00:00,43090.01953125,43176.140625,43054.0,43080.9921875,43080.9921875,68768768,BTC-USD
2024-02-07 01:00:00,43072.765625,43163.01953125,43045.8515625,43045.8515625,43045.8515625,0,BTC-USD
2024-02-07 02:00:00,43041.546875,43081.72265625,43012.90625,43046.31640625,43046.31640625,0,BTC-USD
2024-02-07 03:00:00,43029.12109375,43031.6796875,42775.95703125,42775.95703125,42775.95703125,224073728,BTC-USD
2024-02-07 04:00:00,42781.453125,42904.76953125,42781.453125,42897.92578125,42897.92578125,191854592,BTC-USD
2024-02-07 05:00:00,42898.03515625,43016.49609375,42882.55078125,42995.0625,42995.0625,152882176,BTC-USD
2024-02-07 06:00:00,42998.6640625,42998.6640625,42877.44921875,42917.53515625,42917.53515625,53594112,BTC-USD
2024-02-07 07:00:00,42924.94140625,42963.05859375,42878.17578125,42883.0625,42883.0625,0,BTC-USD
2024-02-07 08:00:00,42879.7109375,42931.546875,42862.50390625,42900.5859375,42900.5859375,0,BTC-USD
2024-02-07 09:00:00,42915.640625,43169.54296875,42896.6015625,43137.4765625,43137.4765625,13342720,BTC-USD
2024-02-07 10:00:00,43138.21484375,43138.21484375,42845.625,42846.52734375,42846.52734375,0,BTC-USD
2024-02-07 11:00:00,42860.46484375,42953.7421875,42860.46484375,42901.48046875,42901.48046875,0,BTC-USD
2024-02-07 12:00:00,42906.55078125,43055.1171875,42869.11328125,43046.8671875,43046.8671875,0,BTC-USD
2024-02-07 13:00:00,43054.1015625,43133.73828125,43021.7421875,43131.8671875,43131.8671875,0,BTC-USD
2024-02-07 14:00:00,43124.69921875,43290.4296875,42994.82421875,42994.82421875,42994.82421875,296242176,BTC-USD
2024-02-07 15:00:00,42998.390625,43153.69921875,42941.6171875,43040.0546875,43040.0546875,0,BTC-USD
2024-02-07 16:00:00,43044.171875,43173.28515625,43000.63671875,43173.28515625,43173.28515625,0,BTC-USD
2024-02-07 17:00:00,43208.45703125,43654.44140625,43198.8828125,43493.515625,43493.515625,1587386368,BTC-USD
2024-02-07 18:00:00,43476.60546875,43641.51171875,43435.67578125,43621.03515625,43621.03515625,534598656,BTC-USD
2024-02-07 19:00:00,43630.4375,43655.01171875,43432.59765625,43610.95703125,43610.95703125,254406656,BTC-USD
2024-02-07 20:00:00,43602.5390625,44222.85546875,43602.5390625,44109.109375,44109.109375,1867833344,BTC-USD
2024-02-07 21:00:00,44118.55078125,44341.94921875,44118.55078125,44178.0859375,44178.0859375,975544320,BTC-USD
2024-02-07 22:00:00,44179.3671875,44308.94921875,44133.48828125,44147.1171875,44147.1171875,351318016,BTC-USD
2024-02-07 23:00:00,44155.5,44317.8359375,44155.10546875,44317.8359375,44317.8359375,213698560,BTC-USD
2024-02-08 00:00:00,44332.125,44643.0234375,44332.125,44643.0234375,44643.0234375,1248501760,BTC-USD
2024-02-08 01:00:00,44651.51171875,44664.15625,44499.26171875,44659.71484375,44659.71484375,614146048,BTC-USD
2024-02-08 02:00:00,44656.68359375,44728.54296875,44545.52734375,44622.4140625,44622.4140625,638167040,BTC-USD
2024-02-08 03:00:00,44639.0859375,44700.97265625,44525.3984375,44525.97265625,44525.97265625,101421056,BTC-USD
2024-02-08 04:00:00,44522.0078125,44570.3125,44470.33984375,44470.33984375,44470.33984375,0,BTC-USD
2024-02-08 05:00:00,44474.953125,44590.57421875,44472.8671875,44527.23828125,44527.23828125,145307648,BTC-USD
2024-02-08 06:00:00,44535.1640625,44540.08203125,44447.49609375,44453.26171875,44453.26171875,62007296,BTC-USD
2024-02-08 07:00:00,44452.078125,44522.59375,44438.35546875,44497.52734375,44497.52734375,158504960,BTC-USD
2024-02-08 08:00:00,44495.8828125,44719.46484375,44495.8828125,44705.62890625,44705.62890625,422479872,BTC-USD
2024-02-08 09:00:00,44700.921875,44742.12109375,44600.4609375,44679.890625,44679.890625,83445760,BTC-USD
2024-02-08 10:00:00,44675.36328125,44815.46484375,44668.95703125,44798.23046875,44798.23046875,379770880,BTC-USD
2024-02-08 11:00:00,44800.1171875,44862.5078125,44679.8046875,44679.8046875,44679.8046875,340064256,BTC-USD
2024-02-08 12:00:00,44681.26171875,44819.4765625,44616.8203125,44670.98046875,44670.98046875,216311808,BTC-USD
2024-02-08 13:00:00,44673.28515625,44951.07421875,44673.28515625,44951.07421875,44951.07421875,403953664,BTC-USD
2024-02-08 14:00:00,44961.2890625,45159.29296875,44909.7734375,45045.6328125,45045.6328125,1078876160,BTC-USD
2024-02-08 15:00:00,45056.21875,45440.71484375,44963.15625,45436.859375,45436.859375,1302767616,BTC-USD
2024-02-08 16:00:00,45435.59765625,45440.5546875,44943.19921875,45087.23828125,45087.23828125,931037184,BTC-USD
2024-02-08 17:00:00,45069.71484375,45205.5078125,44924.2890625,45032.3125,45032.3125,0,BTC-USD
2024-02-08 18:00:00,45040.921875,45289.75,45022.99609375,45283.95703125,45283.95703125,0,BTC-USD
2024-02-08 19:00:00,45297.4140625,45394.37109375,45240.52734375,45301.77734375,45301.77734375,59717632,BTC-USD
2024-02-08 20:00:00,45290.36328125,45575.83984375,45290.36328125,45493.69140625,45493.69140625,0,BTC-USD
2024-02-08 21:00:00,45499.7265625,45499.7265625,45313.92578125,45347.9140625,45347.9140625,0,BTC-USD
2024-02-08 22:00:00,45328.734375,45396.046875,45260.79296875,45307.85546875,45307.85546875,0,BTC-USD
2024-02-08 23:00:00,45278.5078125,45386.90625,45276.37109375,45303.921875,45303.921875,0,BTC-USD
2024-02-09 00:00:00,45297.3828125,45402.3671875,45260.82421875,45302.5703125,45302.5703125,0,BTC-USD
2024-02-09 01:00:00,45304.28515625,45489.18359375,45289.28125,45480.0859375,45480.0859375,0,BTC-USD
2024-02-09 02:00:00,45479.390625,46318.59375,45445.453125,46273.94140625,46273.94140625,1282721792,BTC-USD
2024-02-09 03:00:00,46261.625,46295.81640625,46030.9296875,46034.39453125,46034.39453125,681252864,BTC-USD
2024-02-09 04:00:00,46037.5390625,46116.125,45855.19921875,45930.96875,45930.96875,421677056,BTC-USD
2024-02-09 05:00:00,45939.6640625,46269.015625,45935.4375,46269.015625,46269.015625,319211520,BTC-USD
2024-02-09 06:00:00,46257.3515625,46257.3515625,46136.875,46192.9609375,46192.9609375,111126528,BTC-USD
2024-02-09 07:00:00,46187.1328125,46366.50390625,46187.1328125,46221.64453125,46221.64453125,717428736,BTC-USD
2024-02-09 08:00:00,46211.92578125,46629.98828125,46211.92578125,46629.98828125,46629.98828125,517158912,BTC-USD
2024-02-09 09:00:00,46633.46875,46712.0546875,46500.41015625,46550.6015625,46550.6015625,868354048,BTC-USD
2024-02-09 10:00:00,46525.75,46778.9375,46525.75,46778.9375,46778.9375,0,BTC-USD
2024-02-09 11:00:00,46777.1015625,47243.11328125,46710.95703125,47146.6953125,47146.6953125,1311739904,BTC-USD
2024-02-09 12:00:00,47180.23046875,47539.9453125,47154.33984375,47334.24609375,47334.24609375,2612099072,BTC-USD
2024-02-09 13:00:00,47314.8203125,47610.89453125,47247.93359375,47462.2890625,47462.2890625,723679232,BTC-USD
2024-02-09 14:00:00,47461.05859375,47697.2734375,46751.2890625,47074.96484375,47074.96484375,1245087744,BTC-USD
2024-02-09 15:00:00,47061.1484375,47251.25390625,46819.32421875,47146.9140625,47146.9140625,183058432,BTC-USD
2024-02-09 16:00:00,47160.6796875,47460.40625,47156.8984375,47263.42578125,47263.42578125,0,BTC-USD
2024-02-09 17:00:00,47292.25390625,47650.24609375,47243.6796875,47601.5234375,47601.5234375,367050752,BTC-USD
2024-02-09 18:00:00,47674.06640625,48152.49609375,47529.82421875,47597.34375,47597.34375,2317668352,BTC-USD
2024-02-09 19:00:00,47613.69921875,47668.1640625,47361.65625,47542.0546875,47542.0546875,853090304,BTC-USD
2024-02-09 20:00:00,47533.58203125,47695.375,47533.58203125,47535.89453125,47535.89453125,0,BTC-USD
2024-02-09 21:00:00,47546.85546875,47614.96875,47354.9140625,47563.70703125,47563.70703125,229486592,BTC-USD
2024-02-09 22:00:00,47545.2578125,47576.0078125,47167.48828125,47300.38671875,47300.38671875,155820032,BTC-USD
2024-02-09 23:00:00,47300.9453125,47302.0625,47109.41796875,47153.45703125,47153.45703125,28631040,BTC-USD
2024-02-10 00:00:00,47163.984375,47267.0703125,47080.70703125,47091.48828125,47091.48828125,90198016,BTC-USD
2024-02-10 01:00:00,47102.61328125,47358.0625,47094.73046875,47341.6796875,47341.6796875,239165440,BTC-USD
2024-02-10 02:00:00,47332.45703125,47352.71875,47303.25390625,47342.74609375,47342.74609375,0,BTC-USD
2024-02-10 03:00:00,47341.96484375,47508.7734375,47341.96484375,47395.02734375,47395.02734375,0,BTC-USD
2024-02-10 04:00:00,47402.0390625,47449.1484375,47360.48828125,47429.20703125,47429.20703125,0,BTC-USD
2024-02-10 05:00:00,47436.69140625,47452.84375,47319.0234375,47363.359375,47363.359375,0,BTC-USD
2024-02-10 06:00:00,47365.18359375,47389.98828125,47313.546875,47359.15625,47359.15625,0,BTC-USD
2024-02-10 07:00:00,47366.9921875,47372.3046875,47208.42578125,47209.80078125,47209.80078125,0,BTC-USD
2024-02-10 08:00:00,47187.484375,47289.59375,47121.26953125,47127.63671875,47127.63671875,0,BTC-USD
2024-02-10 09:00:00,47138.22265625,47259.6875,47100.39453125,47100.39453125,47100.39453125,0,BTC-USD
2024-02-10 10:00:00,47103.87890625,47195.3125,46905.3203125,46939.01953125,46939.01953125,0,BTC-USD
2024-02-10 11:00:00,46926.73828125,47217.5625,46913.86328125,47209.7265625,47209.7265625,0,BTC-USD
2024-02-10 12:00:00,47208.515625,47281.41796875,47191.48828125,47268.1640625,47268.1640625,0,BTC-USD
2024-02-10 13:00:00,47265.6796875,47361.4765625,47143.47265625,47341.5234375,47341.5234375,0,BTC-USD
2024-02-10 14:00:00,47330.11328125,47378.35546875,47278.58203125,47302.16015625,47302.16015625,0,BTC-USD
2024-02-10 15:00:00,47295.203125,47370.39453125,47275.109375,47363.31640625,47363.31640625,0,BTC-USD
2024-02-10 16:00:00,47364.22265625,47365.14453125,47250.46484375,47267.1171875,47267.1171875,0,BTC-USD
2024-02-10 17:00:00,47272.89453125,47351.6875,47197.65234375,47221.96875,47221.96875,0,BTC-USD
2024-02-10 18:00:00,47221.9296875,47354.6875,47221.9296875,47354.6875,47354.6875,0,BTC-USD
2024-02-10 19:00:00,47359.0859375,47657.0390625,47339.69921875,47578.41015625,47578.41015625,0,BTC-USD
2024-02-10 20:00:00,47544.1875,48146.171875,47493.16015625,47982.1796875,47982.1796875,0,BTC-USD
2024-02-10 21:00:00,47890.62890625,48124.1640625,47811.734375,47938.39453125,47938.39453125,84145152,BTC-USD
2024-02-10 22:00:00,47951.0703125,47951.0703125,47664.5703125,47815.41796875,47815.41796875,0,BTC-USD
2024-02-10 23:00:00,47835.578125,47940.40234375,47742.51171875,47768.953125,47768.953125,0,BTC-USD
2024-02-11 00:00:00,47768.96875,47786.86328125,47650.0625,47747.3828125,47747.3828125,0,BTC-USD
2024-02-11 01:00:00,47767.828125,47770.5859375,47617.40625,47647.375,47647.375,0,BTC-USD
2024-02-11 02:00:00,47655.12890625,47779.6171875,47655.12890625,47779.6171875,47779.6171875,29049856,BTC-USD
2024-02-11 03:00:00,47782.78125,48490.69140625,47782.78125,48490.69140625,48490.69140625,1360573440,BTC-USD
2024-02-11 04:00:00,48535.9375,48535.9375,48289.87109375,48304.26953125,48304.26953125,839434240,BTC-USD
2024-02-11 05:00:00,48315.26953125,48336.8984375,48205.0390625,48251.45703125,48251.45703125,277729280,BTC-USD
2024-02-11 06:00:00,48250.015625,48304.96484375,48173.80859375,48234.33984375,48234.33984375,332695552,BTC-USD
2024-02-11 07:00:00,48238.09765625,48366.90625,48101.94921875,48198.4765625,48198.4765625,276854784,BTC-USD
2024-02-11 08:00:00,48200.8046875,48300.73046875,48109.25390625,48141.23046875,48141.23046875,34310144,BTC-USD
2024-02-11 09:00:00,48156.93359375,48241.703125,48145.875,48145.875,48145.875,0,BTC-USD
2024-02-11 10:00:00,48159.04296875,48200.80078125,47965.1640625,48133.59375,48133.59375,0,BTC-USD
2024-02-11 11:00:00,48165.12109375,48449.66015625,48165.12109375,48449.66015625,48449.66015625,2877440,BTC-USD
2024-02-11 12:00:00,48413.4296875,48470.046875,48306.12890625,48326.82421875,48326.82421875,243470336,BTC-USD
2024-02-11 13:00:00,48323.125,48369.7109375,48081.57421875,48100.6640625,48100.6640625,234407936,BTC-USD
2024-02-11 14:00:00,48093.27734375,48254.671875,47973.4609375,48254.671875,48254.671875,369313792,BTC-USD
2024-02-11 15:00:00,48253.54296875,48253.54296875,48052.98828125,48159.5390625,48159.5390625,123893760,BTC-USD
2024-02-11 16:00:00,48163.765625,48215.234375,48004.234375,48124.703125,48124.703125,338595840,BTC-USD
2024-02-11 17:00:00,48127.859375,48394.49609375,48127.859375,48305.9921875,48305.9921875,320141312,BTC-USD
2024-02-11 18:00:00,48308.84765625,48350.7734375,48063.53125,48316.65234375,48316.65234375,381171712,BTC-USD
2024-02-11 19:00:00,48293.578125,48375.1953125,48273.40234375,48298.40234375,48298.40234375,0,BTC-USD
2024-02-11 20:00:00,48299.52734375,48368.015625,48022.14453125,48055.09765625,48055.09765625,0,BTC-USD
2024-02-11 21:00:00,48059.67578125,48143.171875,48004.953125,48114.2578125,48114.2578125,0,BTC-USD
2024-02-11 22:00:00,48125.1015625,48232.265625,48121.4921875,48133.69140625,48133.69140625,2199552,BTC-USD
2024-02-11 23:00:00,48154.19921875,48197.2421875,48043.98828125,48175.62109375,48175.62109375,65363968,BTC-USD
